url,date,score,reasoning,comment,likes,comments,text,category
https://www.linkedin.com/posts/thomasforindustry_how-boston-dynamics-is-leading-the-robotics-activity-7166453880648556544-brOy,2026-06-15,8,Global industry news and thought leadership on robotics revolution,"Boston Dynamics is indeed at the forefront of revolutionizing robotics, pushing boundaries with their innovative creations like Atlas and Spot. What's fascinating is how their focus on dynamic robotics and AI integration is not only advancing the field but also paving the way for practical applications in industries such as manufacturing and logistics. However, as we move towards more advanced autonomous systems, what measures do you think should be prioritized to ensure these technologies align with human ethical standards and safety protocols?",0,0,"Thomas
29,250 followers
2y
“Changing your idea of what robots can do,” reads the tagline on the homepage of Boston Dynamics' website. But here's how the company is really leading the robot revolution: https://loom.ly/9MjawkU
How Boston Dynamics Is Leading the Robotics Revolution
thomasnet.com
4
Like
Comment
Share
To view or add a comment, sign in",global
https://www.linkedin.com/posts/boston-dynamics_from-teleoperation-to-autonomy-inside-boston-activity-7376295561219588096-KsnD,2026-06-15,8,High-quality global post about robotics and AI from a major industry player,"Really insightful conversation on the importance of data in enabling robust and adaptable robotics. The point about co-regulation stabilizing autonomy resonates with the challenges of achieving control stability in robotics. What role do you think multimodal learning (e.g., combining vision, tactile, and proprioceptive data) will play in further advancing the capabilities of robots like Atlas?",0,0,"Boston Dynamics
653,586 followers
8mo
AI is rapidly enabling more robust and adaptable robotics, but AI models are only as good as the underlying data. Scott Kuindersma, VP of robotics research, shares the process of data collection, annotation, model training, and evaluation that power Atlas's autonomy. 
Listen to the full conversation: https://bosdyn.co/3KCo6Re
From teleoperation to autonomy: Inside Boston Dynamics' Atlas training
https://www.therobotreport.com
175
3 Comments
Like
Comment
Share
William Collins
6mo
Boston Dynamics What you’re describing here mirrors something I’ve been observing across LLMs as well: a lot of failure modes don’t come from the model’s capabilities, but from drift inside the interaction rhythm between subsystems.
In robotics, that shows up as control instability. In language models, it shows up as behavioural drift.
Different domains, same underlying pattern:
co-regulation stabilises autonomy far more than raw data or model size.
Like
Reply
LumiMerse
8mo
Spot on—robust robots are ultimately a data problem. Blending messy field logs with domain-randomized synthetic runs has been our biggest unlock, paired with scenario-library evaluation instead of single metrics. How do you balance real vs synthetic data for contact-rich motions? #DataCentricAI #Robotics #Sim2Real
Like
Reply
Diego Tica
8mo
Love to get into teleoperation for humanoid robotics
Like
Reply
See more comments
To view or add a comment, sign in",global
https://www.linkedin.com/posts/baidu-inc_our-ceo-robin-li-is-ready-to-give-a-hands-on-activity-7119321020208947200-g7mV,2026-06-15,5,"Standard global industry news, product release announcement",,0,0,"Baidu, Inc.
295,208 followers
2y
Our CEO Robin Li is ready to give a hands-on lesson on building AI-native apps and reveal revamped products including Baidu Search, Wenku, Drive and more. Join us on Oct 17 for these exciting updates: https://lnkd.in/eueyvHgx
13
Like
Comment
Share
To view or add a comment, sign in",chinese
https://www.linkedin.com/posts/boston-dynamics_careers-boston-dynamics-activity-7231363693345714178-eWGe,2026-06-15,4,Localized/Company-specific post,,0,0,"Boston Dynamics
653,586 followers
1y
There has been a recent uptick in people impersonating our staff members and offering false employment opportunities. These scams are increasingly common, so please be cautious. All candidates should apply through our LinkedIn Jobs page or our official website: https://lnkd.in/eBvmbvHb
We are grateful for the high level of interest in working for Boston Dynamics. Boston Dynamics employs a thorough selection process and we believe interviewing is a two way street. We would never extend an offer of employment without giving our candidates an opportunity to meet us.  

Careers | Boston Dynamics
bostondynamics.com
164
3 Comments
Like
Comment
Share
Navaneeswar Palla
1y
Clear sign of professionalism........👌
Like
Reply
1 Reaction
jean V.
1y
Je partage ce contenu
Like
Reply
1 Reaction
See more comments
To view or add a comment, sign in",global
https://www.linkedin.com/posts/xu-li-92340a18_title-activity-6844784388903972864-0F3x,2026-06-15,4,Localized/event-specific post,,0,0,"Xu Li
4y
Corning Optical Communications
74,357 followers
4y
We're taking it back to the fundamentals! Join us September 15 at 11 a.m. EDT for a breakdown of all fiber optic connectivity methods and their applications. Check it out: http://ms.spr.ly/6040XGCv8
Like
Comment
Share
To view or add a comment, sign in",chinese
https://www.linkedin.com/posts/williambinli_nio-blueskycoming-niocup-activity-7453813461945569280-BpE3,2026-06-15,4,Localized/China-specific post,,0,0,"Loaded: 31.53%
Pause
Back to start
Current Time 
0:02/
Duration 
1:03
Unmute
Fullscreen
William Li
1mo
Yesterday, we hosted a special launch event at NIO booth at Auto China 2026, where I kicked off the 2026 NIO Cup of Formula Student China together with nearly 200 students from racing teams.
We also received a powerful message that truly inspired us all. Looking forward to seeing everyone deliver outstanding performances this year.
Let's Jiadian! Let's Power Up!⚡
#NIO #BlueSkyComing #NIOCup #FSC
…more
134
10 Comments
Like
Comment
Share
Mitra Harrysingh
1mo
https://youtu.be/jOQa-b5vjHA
Like
Reply
1 Reaction
Jay Selter
1mo
Great to see many happy and motivated young students people. Respectful and eager to learn. Many years ago, was like that in the u.s. but that has almost gone away. New York City was a rich and complete learning environment in 1965 to  1975.. Now is  finished there too except a few good small pockets.
Like
Reply
Muhammad Nauman Farooq
1mo
Great to see students and innovation coming together. Excited to see what these teams build this year 
Like
Reply
Mitra Harrysingh
1mo
Whilst Nio and China invest into their kids, America invest our taxes into war 😔
Like
Reply
1 Reaction
cedric Acquaviva
1mo
A powerful moment for the next generation of innovators. Thank you for sharing.
Like
Reply
Tom Kluttz, CFP® ChFC®
1mo
Love this! The commitment and passion is amazing.
Like
Reply
1 Reaction
Haseeb Hassan
1mo
Congratulations 
Like
Reply
REZAUL HOQUE
1mo
👏👏👏👏
Like
Reply
Abhinav Sharma
1mo
Congratulations 
Like
Reply
June Yoon
1mo
You can really feel the excitement just from this. Looking forward to what the teams will bring this year. 
 
Like
Reply
See more comments
To view or add a comment, sign in",chinese
https://www.linkedin.com/posts/untold-success_e-commerce-elevation-richard-lius-jdcom-activity-7151163016330235904-399Z,2026-06-15,4,Localized/India-specific post,,0,0,"Loaded: 48.89%
Pause
Back to start
Current Time 
0:02/
Duration 
2:49
Unmute
Fullscreen
E-Commerce Elevation: Richard Liu's JD.com Journey in Animated Splendor! 🚀🎥
Untold Success
57 followers
2y
Embark on an animated whiteboard journey delving into the extraordinary untold success story of Richard Liu, the visionary founder behind the global e-commerce giant JD.com. From Liu's early struggles in Suqian to the groundbreaking emergence of JD.com in 2004, witness strokes of innovation, logistics mastery, and global expansion that propelled JD.com to the forefront of e-commerce. Join us in celebrating Liu's entrepreneurial legacy, marked by business triumphs and a profound impact on education, disaster relief, and environmental sustainability. #comment #RichardLiu #Success #UntoldStories #EntrepreneurialJourney #WhiteboardAnimation #BusinessInnovation #ECommerce #successstories #InnovationLeaders #Entrepreneurs #Leadership #entrepreneur #entrepreneurmindset #entrepreneurship #successmotivation #motivation
Credits:
AI voiceover: elevenlabs.io
AI images: https://www.fotor.com
…more
4
Like
Comment
Share
To view or add a comment, sign in",chinese
https://www.linkedin.com/posts/chinesellers_can-jdcom-win-abroad-without-playing-temus-activity-7346796006946086912-J_GO,2026-06-15,4,Localized/China-specific post,,0,0,"Brands Factory
1,060 followers
11mo
🚨 “Cheap goods harm our national image.” — Richard Liu, founder of JD.com
In a rare public moment, Richard Liu just called out the cross-border e-commerce model embraced by many Chinese platforms — including Temu — as unsustainable, reputation-damaging, and geopolitically risky.
While rivals chase global sales through price wars and bargain-bin exports, Liu is doubling down on something far harder: hyperlocal operations, brand-building, and long-haul trust.
📉 No shortcuts.
 📦 No cut-rate shipping.
 🌍 Just local teams, local delivery, and long-term credibility.
What Liu said — and what disappeared from Chinese social media shortly after — is a bold challenge to the status quo.
Is JD’s slower, infrastructure-first approach the smarter bet? Or is it too little, too late?
👉 Read the full breakdown here: https://lnkd.in/gybVmYiH
#ecommerce #JDcom #Temu #RichardLiu #ChinaBusiness #GlobalStrategy #CrossBorderEcommerce #SupplyChain #Localization #BrandBuilding #ChinaTrade #Localization #Chinesellers 

Can JD.com Win Abroad Without Playing Temu's Game?
chinesellers.substack.com
5
Like
Comment
Share
To view or add a comment, sign in",chinese
